<?xml version="1.0" encoding="UTF-8"?>
<modification>
    <name>nutripe-theme</name>
    <code>nutripe-theme</code>
    <version>3.x</version>
    <author>Thementic</author>
    <file path="admin/language/en-gb/design/layout.php">
        <operation>
            <search><![CDATA[
			$_['text_column_right']   = 'Column Right';
			]]></search>
            <add position="replace"><![CDATA[
			$_['text_column_right']   = 'Column Right';

			$_['text_footer_top']    = 'Footer Top';
			$_['text_footer_left']    = 'Footer Left';
			$_['text_footer_right']    = 'Footer Right';
			$_['text_footer_bottom']    = 'Footer Bottom';
			$_['text_header_top']    = 'Header Top';
			$_['text_header_bottom']    = 'Header Bottom';
			]]></add>
        </operation>
    </file>
    <file path="admin/view/template/design/layout_form.twig">
        <operation>
            <search><![CDATA[
							<button type="button" onclick="addModule('content-bottom');" data-toggle="tooltip" title="{{ button_module_add }}" class="btn btn-primary btn-sm"><i class="fa fa-plus-circle"></i></button>
			]]></search>
            <add position="replace"><![CDATA[
							<button type="button" onclick="addModule('content-bottom');" data-toggle="tooltip" title="{{ button_module_add }}" class="btn btn-primary btn-sm"><i class="fa fa-plus-circle"></i></button>
                          </div>
                        </div></td>
                    </tr>
                  </tfoot>
                </table>

    
				
				<table id="module-footer-top" class="table table-striped table-bordered table-hover">
                  <thead>
                    <tr>
                      <td class="text-center">{{ text_footer_top }}</td>
                    </tr>
                  </thead>
                  <tbody>
                    {% for layout_module in layout_modules %}
                    {% if layout_module.position == 'footer_top' %}
                    <tr id="module-row{{ module_row }}">
                      <td class="text-left"><div class="input-group">
                          <select name="layout_module[{{ module_row }}][code]" class="form-control input-sm">
                            {% for extension in extensions %}
                            <optgroup label="{{ extension.name }}">
                            {% if not extension.module %}
                            {% if extension.code == layout_module.code %}
                            <option value="{{ extension.code }}" selected="selected">{{ extension.name }}</option>
                            {% else %}
                            <option value="{{ extension.code }}">{{ extension.name }}</option>
                            {% endif %}
                            {% else %}
                            {% for module in extension.module %}
                            {% if module.code == layout_module.code %}
                            <option value="{{ module.code }}" selected="selected">{{ module.name }}</option>
                            {% else %}
                            <option value="{{ module.code }}">{{ module.name }}</option>
                            {% endif %}
                            {% endfor %}
                            {% endif %}
                            </optgroup>
                            {% endfor %}
                          </select>
                          <input type="hidden" name="layout_module[{{ module_row }}][position]" value="{{ layout_module.position }}" />
                          <input type="hidden" name="layout_module[{{ module_row }}][sort_order]" value="{{ layout_module.sort_order }}" />
                          <div class="input-group-btn"><a href="{{ layout_module.edit }}" type="button" data-toggle="tooltip" title="{{ button_edit }}" target="_blank" class="btn btn-primary btn-sm"><i class="fa fa-pencil"></i></a>
                            <button type="button" onclick="$('#module-row{{ module_row }}').remove();" data-toggle="tooltip" title="{{ button_remove }}" class="btn btn-danger btn-sm"><i class="fa fa fa-minus-circle"></i></button>
                          </div>
                        </div></td>
                    </tr>
                    {% set module_row = module_row + 1 %}
                    {% endif %}
                    {% endfor %}
                  </tbody>
                  <tfoot>
                    <tr>
                      <td class="text-left"><div class="input-group">
                          <select class="form-control input-sm">
                            <option value=""></option>
                            {% for extension in extensions %}
                            <optgroup label="{{ extension.name }}">
                            {% if not extension.module %}
                            <option value="{{ extension.code }}">{{ extension.name }}</option>
                            {% else %}
                            {% for module in extension.module %}
                            <option value="{{ module.code }}">{{ module.name }}</option>
                            {% endfor %}
                            {% endif %}
                            </optgroup>
                            {% endfor %}
                          </select>
                          <div class="input-group-btn">
                            <button type="button" onclick="addModule('footer-top');" data-toggle="tooltip" title="{{ button_module_add }}" class="btn btn-primary btn-sm"><i class="fa fa-plus-circle"></i></button>
                          </div>
                        </div></td>
                    </tr>
                  </tfoot>
                </table>
				
				<table id="module-footer-bottom" class="table table-striped table-bordered table-hover">
                  <thead>
                    <tr>
                      <td class="text-center">{{ text_footer_bottom }}</td>
                    </tr>
                  </thead>
                  <tbody>
                    {% for layout_module in layout_modules %}
                    {% if layout_module.position == 'footer_bottom' %}
                    <tr id="module-row{{ module_row }}">
                      <td class="text-left"><div class="input-group">
                          <select name="layout_module[{{ module_row }}][code]" class="form-control input-sm">
                            {% for extension in extensions %}
                            <optgroup label="{{ extension.name }}">
                            {% if not extension.module %}
                            {% if extension.code == layout_module.code %}
                            <option value="{{ extension.code }}" selected="selected">{{ extension.name }}</option>
                            {% else %}
                            <option value="{{ extension.code }}">{{ extension.name }}</option>
                            {% endif %}
                            {% else %}
                            {% for module in extension.module %}
                            {% if module.code == layout_module.code %}
                            <option value="{{ module.code }}" selected="selected">{{ module.name }}</option>
                            {% else %}
                            <option value="{{ module.code }}">{{ module.name }}</option>
                            {% endif %}
                            {% endfor %}
                            {% endif %}
                            </optgroup>
                            {% endfor %}
                          </select>
                          <input type="hidden" name="layout_module[{{ module_row }}][position]" value="{{ layout_module.position }}" />
                          <input type="hidden" name="layout_module[{{ module_row }}][sort_order]" value="{{ layout_module.sort_order }}" />
                          <div class="input-group-btn"><a href="{{ layout_module.edit }}" type="button" data-toggle="tooltip" title="{{ button_edit }}" target="_blank" class="btn btn-primary btn-sm"><i class="fa fa-pencil"></i></a>
                            <button type="button" onclick="$('#module-row{{ module_row }}').remove();" data-toggle="tooltip" title="{{ button_remove }}" class="btn btn-danger btn-sm"><i class="fa fa fa-minus-circle"></i></button>
                          </div>
                        </div></td>
                    </tr>
                    {% set module_row = module_row + 1 %}
                    {% endif %}
                    {% endfor %}
                  </tbody>
                  <tfoot>
                    <tr>
                      <td class="text-left"><div class="input-group">
                          <select class="form-control input-sm">
                            <option value=""></option>
                            {% for extension in extensions %}
                            <optgroup label="{{ extension.name }}">
                            {% if not extension.module %}
                            <option value="{{ extension.code }}">{{ extension.name }}</option>
                            {% else %}
                            {% for module in extension.module %}
                            <option value="{{ module.code }}">{{ module.name }}</option>
                            {% endfor %}
                            {% endif %}
                            </optgroup>
                            {% endfor %}
                          </select>
                          <div class="input-group-btn">
                            <button type="button" onclick="addModule('footer-bottom');" data-toggle="tooltip" title="{{ button_module_add }}" class="btn btn-primary btn-sm"><i class="fa fa-plus-circle"></i></button>
                          </div>
                        </div></td>
                    </tr>
                  </tfoot>
                </table>
				
				<table id="module-footer-left" class="table table-striped table-bordered table-hover">
                  <thead>
                    <tr>
                      <td class="text-center">{{ text_footer_left }}</td>
                    </tr>
                  </thead>
                  <tbody>
                    {% for layout_module in layout_modules %}
                    {% if layout_module.position == 'footer_left' %}
                    <tr id="module-row{{ module_row }}">
                      <td class="text-left"><div class="input-group">
                          <select name="layout_module[{{ module_row }}][code]" class="form-control input-sm">
                            {% for extension in extensions %}
                            <optgroup label="{{ extension.name }}">
                            {% if not extension.module %}
                            {% if extension.code == layout_module.code %}
                            <option value="{{ extension.code }}" selected="selected">{{ extension.name }}</option>
                            {% else %}
                            <option value="{{ extension.code }}">{{ extension.name }}</option>
                            {% endif %}
                            {% else %}
                            {% for module in extension.module %}
                            {% if module.code == layout_module.code %}
                            <option value="{{ module.code }}" selected="selected">{{ module.name }}</option>
                            {% else %}
                            <option value="{{ module.code }}">{{ module.name }}</option>
                            {% endif %}
                            {% endfor %}
                            {% endif %}
                            </optgroup>
                            {% endfor %}
                          </select>
                          <input type="hidden" name="layout_module[{{ module_row }}][position]" value="{{ layout_module.position }}" />
                          <input type="hidden" name="layout_module[{{ module_row }}][sort_order]" value="{{ layout_module.sort_order }}" />
                          <div class="input-group-btn"><a href="{{ layout_module.edit }}" type="button" data-toggle="tooltip" title="{{ button_edit }}" target="_blank" class="btn btn-primary btn-sm"><i class="fa fa-pencil"></i></a>
                            <button type="button" onclick="$('#module-row{{ module_row }}').remove();" data-toggle="tooltip" title="{{ button_remove }}" class="btn btn-danger btn-sm"><i class="fa fa fa-minus-circle"></i></button>
                          </div>
                        </div></td>
                    </tr>
                    {% set module_row = module_row + 1 %}
                    {% endif %}
                    {% endfor %}
                  </tbody>
                  <tfoot>
                    <tr>
                      <td class="text-left"><div class="input-group">
                          <select class="form-control input-sm">
                            <option value=""></option>
                            {% for extension in extensions %}
                            <optgroup label="{{ extension.name }}">
                            {% if not extension.module %}
                            <option value="{{ extension.code }}">{{ extension.name }}</option>
                            {% else %}
                            {% for module in extension.module %}
                            <option value="{{ module.code }}">{{ module.name }}</option>
                            {% endfor %}
                            {% endif %}
                            </optgroup>
                            {% endfor %}
                          </select>
                          <div class="input-group-btn">
                            <button type="button" onclick="addModule('footer-left');" data-toggle="tooltip" title="{{ button_module_add }}" class="btn btn-primary btn-sm"><i class="fa fa-plus-circle"></i></button>
                          </div>
                        </div></td>
                    </tr>
                  </tfoot>
                </table>
				
				<table id="module-footer-right" class="table table-striped table-bordered table-hover">
                  <thead>
                    <tr>
                      <td class="text-center">{{ text_footer_right }}</td>
                    </tr>
                  </thead>
                  <tbody>
                    {% for layout_module in layout_modules %}
                    {% if layout_module.position == 'footer_right' %}
                    <tr id="module-row{{ module_row }}">
                      <td class="text-left"><div class="input-group">
                          <select name="layout_module[{{ module_row }}][code]" class="form-control input-sm">
                            {% for extension in extensions %}
                            <optgroup label="{{ extension.name }}">
                            {% if not extension.module %}
                            {% if extension.code == layout_module.code %}
                            <option value="{{ extension.code }}" selected="selected">{{ extension.name }}</option>
                            {% else %}
                            <option value="{{ extension.code }}">{{ extension.name }}</option>
                            {% endif %}
                            {% else %}
                            {% for module in extension.module %}
                            {% if module.code == layout_module.code %}
                            <option value="{{ module.code }}" selected="selected">{{ module.name }}</option>
                            {% else %}
                            <option value="{{ module.code }}">{{ module.name }}</option>
                            {% endif %}
                            {% endfor %}
                            {% endif %}
                            </optgroup>
                            {% endfor %}
                          </select>
                          <input type="hidden" name="layout_module[{{ module_row }}][position]" value="{{ layout_module.position }}" />
                          <input type="hidden" name="layout_module[{{ module_row }}][sort_order]" value="{{ layout_module.sort_order }}" />
                          <div class="input-group-btn"><a href="{{ layout_module.edit }}" type="button" data-toggle="tooltip" title="{{ button_edit }}" target="_blank" class="btn btn-primary btn-sm"><i class="fa fa-pencil"></i></a>
                            <button type="button" onclick="$('#module-row{{ module_row }}').remove();" data-toggle="tooltip" title="{{ button_remove }}" class="btn btn-danger btn-sm"><i class="fa fa fa-minus-circle"></i></button>
                          </div>
                        </div></td>
                    </tr>
                    {% set module_row = module_row + 1 %}
                    {% endif %}
                    {% endfor %}
                  </tbody>
                  <tfoot>
                    <tr>
                      <td class="text-left"><div class="input-group">
                          <select class="form-control input-sm">
                            <option value=""></option>
                            {% for extension in extensions %}
                            <optgroup label="{{ extension.name }}">
                            {% if not extension.module %}
                            <option value="{{ extension.code }}">{{ extension.name }}</option>
                            {% else %}
                            {% for module in extension.module %}
                            <option value="{{ module.code }}">{{ module.name }}</option>
                            {% endfor %}
                            {% endif %}
                            </optgroup>
                            {% endfor %}
                          </select>
                          <div class="input-group-btn">
                            <button type="button" onclick="addModule('footer-right');" data-toggle="tooltip" title="{{ button_module_add }}" class="btn btn-primary btn-sm"><i class="fa fa-plus-circle"></i></button>
                          </div>
                        </div></td>
                    </tr>
                  </tfoot>
        </table>


				<table id="module-header-top" class="table table-striped table-bordered table-hover">
                  <thead>
                    <tr>
                      <td class="text-center">{{ text_header_top }}</td>
                    </tr>
                  </thead>
                  <tbody>
                    {% for layout_module in layout_modules %}
                    {% if layout_module.position == 'header_top' %}
                    <tr id="module-row{{ module_row }}">
                      <td class="text-left"><div class="input-group">
                          <select name="layout_module[{{ module_row }}][code]" class="form-control input-sm">
                            {% for extension in extensions %}
                            <optgroup label="{{ extension.name }}">
                            {% if not extension.module %}
                            {% if extension.code == layout_module.code %}
                            <option value="{{ extension.code }}" selected="selected">{{ extension.name }}</option>
                            {% else %}
                            <option value="{{ extension.code }}">{{ extension.name }}</option>
                            {% endif %}
                            {% else %}
                            {% for module in extension.module %}
                            {% if module.code == layout_module.code %}
                            <option value="{{ module.code }}" selected="selected">{{ module.name }}</option>
                            {% else %}
                            <option value="{{ module.code }}">{{ module.name }}</option>
                            {% endif %}
                            {% endfor %}
                            {% endif %}
                            </optgroup>
                            {% endfor %}
                          </select>
                          <input type="hidden" name="layout_module[{{ module_row }}][position]" value="{{ layout_module.position }}" />
                          <input type="hidden" name="layout_module[{{ module_row }}][sort_order]" value="{{ layout_module.sort_order }}" />
                          <div class="input-group-btn"><a href="{{ layout_module.edit }}" type="button" data-toggle="tooltip" title="{{ button_edit }}" target="_blank" class="btn btn-primary btn-sm"><i class="fa fa-pencil"></i></a>
                            <button type="button" onclick="$('#module-row{{ module_row }}').remove();" data-toggle="tooltip" title="{{ button_remove }}" class="btn btn-danger btn-sm"><i class="fa fa fa-minus-circle"></i></button>
                          </div>
                        </div></td>
                    </tr>
                    {% set module_row = module_row + 1 %}
                    {% endif %}
                    {% endfor %}
                  </tbody>
                  <tfoot>
                    <tr>
                      <td class="text-left"><div class="input-group">
                          <select class="form-control input-sm">
                            <option value=""></option>
                            {% for extension in extensions %}
                            <optgroup label="{{ extension.name }}">
                            {% if not extension.module %}
                            <option value="{{ extension.code }}">{{ extension.name }}</option>
                            {% else %}
                            {% for module in extension.module %}
                            <option value="{{ module.code }}">{{ module.name }}</option>
                            {% endfor %}
                            {% endif %}
                            </optgroup>
                            {% endfor %}
                          </select>
                          <div class="input-group-btn">
                            <button type="button" onclick="addModule('header-top');" data-toggle="tooltip" title="{{ button_module_add }}" class="btn btn-primary btn-sm"><i class="fa fa-plus-circle"></i></button>
                          </div>
                        </div></td>
                    </tr>
                  </tfoot>
                </table>
				
				<table id="module-header-bottom" class="table table-striped table-bordered table-hover">
                  <thead>
                    <tr>
                      <td class="text-center">{{ text_header_bottom }}</td>
                    </tr>
                  </thead>
                  <tbody>
                    {% for layout_module in layout_modules %}
                    {% if layout_module.position == 'header_bottom' %}
                    <tr id="module-row{{ module_row }}">
                      <td class="text-left"><div class="input-group">
                          <select name="layout_module[{{ module_row }}][code]" class="form-control input-sm">
                            {% for extension in extensions %}
                            <optgroup label="{{ extension.name }}">
                            {% if not extension.module %}
                            {% if extension.code == layout_module.code %}
                            <option value="{{ extension.code }}" selected="selected">{{ extension.name }}</option>
                            {% else %}
                            <option value="{{ extension.code }}">{{ extension.name }}</option>
                            {% endif %}
                            {% else %}
                            {% for module in extension.module %}
                            {% if module.code == layout_module.code %}
                            <option value="{{ module.code }}" selected="selected">{{ module.name }}</option>
                            {% else %}
                            <option value="{{ module.code }}">{{ module.name }}</option>
                            {% endif %}
                            {% endfor %}
                            {% endif %}
                            </optgroup>
                            {% endfor %}
                          </select>
                          <input type="hidden" name="layout_module[{{ module_row }}][position]" value="{{ layout_module.position }}" />
                          <input type="hidden" name="layout_module[{{ module_row }}][sort_order]" value="{{ layout_module.sort_order }}" />
                          <div class="input-group-btn"><a href="{{ layout_module.edit }}" type="button" data-toggle="tooltip" title="{{ button_edit }}" target="_blank" class="btn btn-primary btn-sm"><i class="fa fa-pencil"></i></a>
                            <button type="button" onclick="$('#module-row{{ module_row }}').remove();" data-toggle="tooltip" title="{{ button_remove }}" class="btn btn-danger btn-sm"><i class="fa fa fa-minus-circle"></i></button>
                          </div>
                        </div></td>
                    </tr>
                    {% set module_row = module_row + 1 %}
                    {% endif %}
                    {% endfor %}
                  </tbody>
                  <tfoot>
                    <tr>
                      <td class="text-left"><div class="input-group">
                          <select class="form-control input-sm">
                            <option value=""></option>
                            {% for extension in extensions %}
                            <optgroup label="{{ extension.name }}">
                            {% if not extension.module %}
                            <option value="{{ extension.code }}">{{ extension.name }}</option>
                            {% else %}
                            {% for module in extension.module %}
                            <option value="{{ module.code }}">{{ module.name }}</option>
                            {% endfor %}
                            {% endif %}
                            </optgroup>
                            {% endfor %}
                          </select>
                          <div class="input-group-btn">
                            <button type="button" onclick="addModule('header-bottom');" data-toggle="tooltip" title="{{ button_module_add }}" class="btn btn-primary btn-sm"><i class="fa fa-plus-circle"></i></button>
                          
			
			]]></add>
        </operation>
        <operation>
            <search><![CDATA[
			$('#module-column-left, #module-column-right, #module-content-top, #module-content-bottom').delegate('select[name*=\'code\']', 'change', function() {
			]]></search>
            <add position="replace"><![CDATA[
			$('#module-column-left, #module-column-right, #module-content-top, #module-content-bottom, #module-footer-bottom, #module-footer-top, #module-footer-right, #module-footer-left, #module-header-bottom, #module-header-top').delegate('select[name*=\'code\']', 'change', function() {
			]]></add>
        </operation>
        <operation>
            <search><![CDATA[
			$('#module-column-left, #module-column-right, #module-content-top, #module-content-bottom').trigger('change');
			]]></search>
            <add position="replace"><![CDATA[
			$('#module-column-left, #module-column-right, #module-content-top, #module-content-bottom, #module-footer-bottom, #module-footer-top, #module-footer-right, #module-footer-left, #module-header-bottom, #module-header-top').trigger('change');
			]]></add>
        </operation>
    </file>
    <file path="catalog/controller/common/footer.php">
        <operation>
            <search><![CDATA[
			$data['powered'] = sprintf($this->language->get('text_powered'), $this->config->get('config_name'), date('Y', time()));
			]]></search>
            <add position="replace"><![CDATA[
			$data['powered'] = sprintf($this->language->get('text_powered'), $this->config->get('config_name'), date('Y', time()));
		
			$data['footer_top'] = $this->load->controller('common/footer_top');
			$data['footer_bottom'] = $this->load->controller('common/footer_bottom');
			$data['footer_left'] = $this->load->controller('common/footer_left');
			$data['footer_right'] = $this->load->controller('common/footer_right');
			]]></add>
        </operation>
        <operation>
            <search><![CDATA[
			return $this->load->view('common/footer', $data);
			]]></search>
            <add position="replace"><![CDATA[
			$data['footer_top'] = $this->load->controller('common/footer_top');
			$data['footer_bottom'] = $this->load->controller('common/footer_bottom');
			$data['footer_left'] = $this->load->controller('common/footer_left');
			$data['footer_right'] = $this->load->controller('common/footer_right');
			
			return $this->load->view('common/footer', $data);
			]]></add>
        </operation>
        <operation>
            <search><![CDATA[
    $data['name'] = $this->config->get('config_name');
    ]]></search>
            <add position="replace"><![CDATA[
    $data['name'] = $this->config->get('config_name');
    $data['mytemplate'] = $this->config->get('theme_default_directory');
    ]]></add>
        </operation>
    </file>
    <file path="catalog/controller/common/header.php">
        <operation>
            <search><![CDATA[
			$data['name'] = $this->config->get('config_name');
			]]></search>
            <add position="replace"><![CDATA[
			$data['name'] = $this->config->get('config_name');
			$data['mytemplate'] = $this->config->get('theme_default_directory');
			]]></add>
        </operation>
        <operation>
            <search><![CDATA[
			$data['language'] = $this->load->controller('common/language');
			]]></search>
            <add position="replace"><![CDATA[
			$data['return'] = $this->url->link('account/return/add', '', true);
			$data['sitemap'] = $this->url->link('information/sitemap');
			$data['affiliate'] = $this->url->link('affiliate/account', '', true);
			$data['voucher'] = $this->url->link('account/voucher', '', true);
			$data['manufacturer'] = $this->url->link('product/manufacturer');	
			
			$data['language'] = $this->load->controller('common/language');
			]]></add>
        </operation>
        <operation>
            <search><![CDATA[
			return $this->load->view('common/header', $data);
			]]></search>
            <add position="replace"><![CDATA[
			// For page specific css
		if (isset($this->request->get['route'])) {
			if (isset($this->request->get['product_id'])) {
				$class = '-' . $this->request->get['product_id'];
			} elseif (isset($this->request->get['path'])) {
				$class = '-' . $this->request->get['path'];
			} elseif (isset($this->request->get['manufacturer_id'])) {
				$class = '-' . $this->request->get['manufacturer_id'];
			} elseif (isset($this->request->get['information_id'])) {
				$class = '-' . $this->request->get['information_id'];
			} else {
				$class = '';
			}

			$data['class'] = str_replace('/', '-', $this->request->get['route']) . $class;
			} else {
				$data['class'] = 'common-home';
			}
			
			$data['column_left'] = $this->load->controller('common/column_left');
			$data['column_right'] = $this->load->controller('common/column_right');	
			$data['header_top'] = $this->load->controller('common/header_top');	
			$data['header_bottom'] = $this->load->controller('common/header_bottom');	
	
			return $this->load->view('common/header', $data);
			]]></add>
        </operation>
    </file>
    <file path="catalog/controller/common/menu.php">
        <operation>
            <search><![CDATA[
			$this->load->model('catalog/product');
			]]></search>
            <add position="replace"><![CDATA[
			$this->load->model('catalog/product');
			$type="module";
    	$this->load->model('setting/module');
		$result=$this->model_setting_module->getModule($type);
		foreach($result as $result){
			if($result['code']==="blogger"){
				$data['blog_enable'] =1;
			}
		}
			]]></add>
        </operation>
        <operation>
            <search><![CDATA[
			$categories = $this->model_catalog_category->getCategories(0);
			]]></search>
            <add position="replace"><![CDATA[
			$categories = $this->model_catalog_category->getCategories(0);
			$data['home'] = $this->url->link('common/home');
			$data['text_blog'] = $this->language->get('text_blog');
            $data['all_blogs'] = $this->url->link('information/blogger/blogs');
			]]></add>
        </operation>
        <operation>
            <search><![CDATA[
			$children_data[] = array(
			]]></search>
            <add position="replace"><![CDATA[
			$childs_data = array();
			$child_2 = $this->model_catalog_category->getCategories($child['category_id']);

			foreach ($child_2 as $childs) {
				$filter_data = array(
					'filter_category_id'  => $childs['category_id'],
					'filter_sub_category' => true
				);

				$childs_data[] = array(
					'name'  => $childs['name'] . ($this->config->get('config_product_count') ? ' (' . $this->model_catalog_product->getTotalProducts($filter_data) . ')' : ''),
					'href'  => $this->url->link('product/category', 'path=' . $category['category_id'] . '_' . $child['category_id'] . '_' . $childs['category_id'])
				);
			}
				
			$children_data[] = array(
			]]></add>
        </operation>
        <operation>
            <search><![CDATA[
			'name'  => $child['name'] . ($this->config->get('config_product_count') ? ' (' . $this->model_catalog_product->getTotalProducts($filter_data) . ')' : ''),
			]]></search>
            <add position="replace"><![CDATA[
			'name'  => $child['name'] . ($this->config->get('config_product_count') ? ' (' . $this->model_catalog_product->getTotalProducts($filter_data) . ')' : ''),
			'childs' => $childs_data,
			'column'   => $child['column'] ? $child['column'] : 1,
			]]></add>
        </operation>
    </file>
    <file path="catalog/controller/extension/module/bestseller.php">
        <operation>
            <search><![CDATA[
			if ($this->customer->isLogged() || !$this->config->get('config_customer_price')) {
			]]></search>
            <add position="replace"><![CDATA[
			$images = $this->model_catalog_product->getProductImages($result['product_id']);
				
						if(isset($images[0]['image']) && !empty($images)){
						$images = $images[0]['image']; 
						}else
						{
						$images = $image;
						}
			if ($this->customer->isLogged() || !$this->config->get('config_customer_price')) {
			]]></add>
        </operation>
        <operation>
            <search><![CDATA[
			'thumb'       => $image,
			]]></search>
            <add position="replace"><![CDATA[
			'thumb'       => $image,
			'thumb_swap'  => $this->model_tool_image->resize($images , $setting['width'], $setting['height']),
			]]></add>
        </operation>
        <operation>
            <search><![CDATA[
			'rating'      => $rating,
			]]></search>
            <add position="replace"><![CDATA[
			'percentsaving' 	 => round((($result['price'] - $result['special'])/$result['price'])*100, 0),
			'rating'      => $rating,
			]]></add>
        </operation>
        <operation>
            <search><![CDATA[
			'href'        => $this->url->link('product/product', 'product_id=' . $result['product_id'])
			]]></search>
            <add position="replace"><![CDATA[
			'href'        => $this->url->link('product/product', 'product_id=' . $result['product_id']),
			'quick'        => $this->url->link('product/quick_view','&product_id=' . $result['product_id'])
			]]></add>
        </operation>
    </file>
    <file path="catalog/controller/extension/module/category.php">
        <operation>
            <search><![CDATA[
			public function index() {
			]]></search>
            <add position="replace"><![CDATA[
			public function index($setting) {
			]]></add>
        </operation>
        <operation>
            <search><![CDATA[
			$this->load->language('extension/module/category');
			]]></search>
            <add position="replace"><![CDATA[
			$this->load->language('extension/module/category');
			$data['heading_title'] = $this->language->get('heading_title');
			]]></add>
        </operation>
    </file>
    <file path="catalog/controller/extension/module/featured.php">
        <operation>
            <search><![CDATA[
			if ($this->customer->isLogged() || !$this->config->get('config_customer_price')) {
			]]></search>
            <add position="replace"><![CDATA[
			$images = $this->model_catalog_product->getProductImages($product_info['product_id']);
			if(isset($images[0]['image']) && !empty($images)){
				$images = $images[0]['image']; 
			}else{
				$images = $image;
			}
			if ($this->customer->isLogged() || !$this->config->get('config_customer_price')) {
			]]></add>
        </operation>
        <operation>
            <search><![CDATA[
			'thumb'       => $image,
			]]></search>
            <add position="replace"><![CDATA[
			'thumb'       => $image,
			'thumb_swap'  => $this->model_tool_image->resize($images , $setting['width'], $setting['height']),
			]]></add>
        </operation>
        <operation>
            <search><![CDATA[
			'rating'      => $rating,
			]]></search>
            <add position="replace"><![CDATA[
			'percentsaving' 	 => round((($product_info['price'] - $product_info['special'])/$product_info['price'])*100, 0),
			'rating'      => $rating,
			]]></add>
        </operation>
        <operation>
            <search><![CDATA[
			'href'        => $this->url->link('product/product', 'product_id=' . $product_info['product_id'])
			]]></search>
            <add position="replace"><![CDATA[
			'href'        => $this->url->link('product/product', 'product_id=' . $product_info['product_id']),
			'quick'        => $this->url->link('product/quick_view','&product_id=' . $product_info['product_id'])
			]]></add>
        </operation>
    </file>
    <file path="catalog/controller/extension/module/latest.php">
        <operation>
            <search><![CDATA[
			if ($this->customer->isLogged() || !$this->config->get('config_customer_price')) {
			]]></search>
            <add position="replace"><![CDATA[
			$images = $this->model_catalog_product->getProductImages($result['product_id']);
			if(isset($images[0]['image']) && !empty($images)){
				$images = $images[0]['image']; 
			}else{
				$images = $image;
			}
			if ($this->customer->isLogged() || !$this->config->get('config_customer_price')) {
			]]></add>
        </operation>
        <operation>
            <search><![CDATA[
			'thumb'       => $image,
			]]></search>
            <add position="replace"><![CDATA[
			'thumb'       => $image,
			'thumb_swap'  => $this->model_tool_image->resize($images , $setting['width'], $setting['height']),
			]]></add>
        </operation>
        <operation>
            <search><![CDATA[
			'rating'      => $rating,
			]]></search>
            <add position="replace"><![CDATA[
			'percentsaving' 	 => round((($result['price'] - $result['special'])/$result['price'])*100, 0),
			'rating'      => $rating,
			]]></add>
        </operation>
        <operation>
            <search><![CDATA[
			'href'        => $this->url->link('product/product', 'product_id=' . $result['product_id'])
			]]></search>
            <add position="replace"><![CDATA[
			'href'        => $this->url->link('product/product', 'product_id=' . $result['product_id']),
			'quick'        => $this->url->link('product/quick_view','&product_id=' . $result['product_id'])
			]]></add>
        </operation>
    </file>
    <file path="catalog/controller/extension/module/special.php">
        <operation>
            <search><![CDATA[
			if ($this->customer->isLogged() || !$this->config->get('config_customer_price')) {
			]]></search>
            <add position="replace"><![CDATA[
			$images = $this->model_catalog_product->getProductImages($result['product_id']);
			if(isset($images[0]['image']) && !empty($images)){
				$images = $images[0]['image']; 
			}else{
				$images = $image;
			}
			if ($this->customer->isLogged() || !$this->config->get('config_customer_price')) {
			]]></add>
        </operation>
        <operation>
            <search><![CDATA[
			'thumb'       => $image,
			]]></search>
            <add position="replace"><![CDATA[
			'thumb'       => $image,
			'thumb_swap'  => $this->model_tool_image->resize($images , $setting['width'], $setting['height']),
			]]></add>
        </operation>
        <operation>
            <search><![CDATA[
			'rating'      => $rating,
			]]></search>
            <add position="replace"><![CDATA[
			'percentsaving' 	 => round((($result['price'] - $result['special'])/$result['price'])*100, 0),
			'rating'      => $rating,
			]]></add>
        </operation>
        <operation>
            <search><![CDATA[
			'href'        => $this->url->link('product/product', 'product_id=' . $result['product_id'])
			]]></search>
            <add position="replace"><![CDATA[
			'href'        => $this->url->link('product/product', 'product_id=' . $result['product_id']),
			'quick'        => $this->url->link('product/quick_view','&product_id=' . $result['product_id'])
			]]></add>
        </operation>
    </file>
    <file path="catalog/controller/product/category.php">
        <operation>
            <search><![CDATA[
			if ($this->customer->isLogged() || !$this->config->get('config_customer_price')) {
			]]></search>
            <add position="replace"><![CDATA[
			$images = $this->model_catalog_product->getProductImages($result['product_id']);
			if(isset($images[0]['image']) && !empty($images)){
				$images = $images[0]['image']; 
			}else{
				$images = $image;
			}
			if ($this->customer->isLogged() || !$this->config->get('config_customer_price')) {
			]]></add>
        </operation>
        <operation>
            <search><![CDATA[
			'thumb'       => $image,
			]]></search>
            <add position="replace"><![CDATA[
			'thumb'       => $image,
			'thumb_swap'  => $this->model_tool_image->resize($images , $this->config->get('theme_' . $this->config->get('config_theme') . '_image_product_width'), $this->config->get('theme_' . $this->config->get('config_theme') . '_image_product_height')),
			]]></add>
        </operation>
        <operation>
            <search><![CDATA[
			'tax'         => $tax,
			]]></search>
            <add position="replace"><![CDATA[
			'tax'         => $tax,
			'percentsaving' 	 => round((($result['price'] - $result['special'])/$result['price'])*100, 0),
			]]></add>
        </operation>
        <operation>
            <search><![CDATA[
			'href'        => $this->url->link('product/product', 'path=' . $this->request->get['path'] . '&product_id=' . $result['product_id'] . $url)
			]]></search>
            <add position="replace"><![CDATA[
			'href'        => $this->url->link('product/product', 'path=' . $this->request->get['path'] . '&product_id=' . $result['product_id'] . $url),
			'quick'        => $this->url->link('product/quick_view','path=' . $this->request->get['path'] . '&product_id=' . $result['product_id'] . $url)
			]]></add>
        </operation>
    </file>
    <file path="catalog/controller/product/compare.php">
        <operation>
            <search><![CDATA[
			if ($this->customer->isLogged() || !$this->config->get('config_customer_price')) {
			]]></search>
            <add position="replace"><![CDATA[
			$images = $this->model_catalog_product->getProductImages($product_info['product_id']);
			if(isset($images[0]['image']) && !empty($images)){
				$images = $images[0]['image']; 
			}else{
				$images = $image;
			}
			if ($this->customer->isLogged() || !$this->config->get('config_customer_price')) {
			]]></add>
        </operation>
        <operation>
            <search><![CDATA[
			'thumb'        => $image,
			]]></search>
            <add position="replace"><![CDATA[
			'thumb'        => $image,
			'thumb_swap'  => $this->model_tool_image->resize($images , $this->config->get('theme_' . $this->config->get('config_theme') . '_image_compare_width'), $this->config->get('theme_' . $this->config->get('config_theme') . '_image_compare_height')),
			]]></add>
        </operation>
        <operation>
            <search><![CDATA[
			'special'      => $special,
			]]></search>
            <add position="replace"><![CDATA[
			'special'      => $special,
			'percentsaving' 	 => round((($product_info['price'] - $product_info['special'])/$product_info['price'])*100, 0),
			]]></add>
        </operation>
    </file>
    <file path="catalog/controller/product/manufacturer.php">
        <operation>
            <search><![CDATA[
			if ($this->customer->isLogged() || !$this->config->get('config_customer_price')) {
			]]></search>
            <add position="replace"><![CDATA[
			$images = $this->model_catalog_product->getProductImages($result['product_id']);
			if(isset($images[0]['image']) && !empty($images)){
				$images = $images[0]['image']; 
			}else{
				$images = $image;
			}
			if ($this->customer->isLogged() || !$this->config->get('config_customer_price')) {
			]]></add>
        </operation>
        <operation>
            <search><![CDATA[
			'thumb'       => $image,
			]]></search>
            <add position="replace"><![CDATA[
			'thumb'       => $image,
			'thumb_swap'  => $this->model_tool_image->resize($images , $this->config->get('theme_' . $this->config->get('config_theme') . '_image_product_width'), $this->config->get('theme_' . $this->config->get('config_theme') . '_image_product_height')),
			]]></add>
        </operation>
        <operation>
            <search><![CDATA[
			'tax'         => $tax,
			]]></search>
            <add position="replace"><![CDATA[
			'tax'         => $tax,
			'percentsaving' 	 => round((($result['price'] - $result['special'])/$result['price'])*100, 0),
			]]></add>
        </operation>
        <operation>
            <search><![CDATA[
			'href'        => $this->url->link('product/product', 'manufacturer_id=' . $result['manufacturer_id'] . '&product_id=' . $result['product_id'] . $url)
			]]></search>
            <add position="replace"><![CDATA[
			'href'        => $this->url->link('product/product', 'manufacturer_id=' . $result['manufacturer_id'] . '&product_id=' . $result['product_id'] . $url),
			'quick'       => $this->url->link('product/quick_view','manufacturer_id=' . $result['manufacturer_id'] . '&product_id=' . $result['product_id'] . $url)
			]]></add>
        </operation>
    </file>
    <file path="catalog/controller/product/product.php">
        <operation>
            <search><![CDATA[
			if ($this->customer->isLogged() || !$this->config->get('config_customer_price')) {
			]]></search>
            <add position="replace"><![CDATA[
			$images = $this->model_catalog_product->getProductImages($result['product_id']);
			if(isset($images[0]['image']) && !empty($images)){
				$images = $images[0]['image']; 
			}else{
				$images = $image;
			}
			if ($this->customer->isLogged() || !$this->config->get('config_customer_price')) {
			]]></add>
        </operation>
        <operation>
            <search><![CDATA[
			'thumb'       => $image,
			]]></search>
            <add position="replace"><![CDATA[
			'thumb'       => $image,
			'thumb_swap'  => $this->model_tool_image->resize($images , $this->config->get('theme_' . $this->config->get('config_theme') . '_image_related_width'), $this->config->get('theme_' . $this->config->get('config_theme') . '_image_related_height')),
			]]></add>
        </operation>
        <operation>
            <search><![CDATA[
			'tax'         => $tax,
			]]></search>
            <add position="replace"><![CDATA[
			'tax'         => $tax,
			'percentsaving' 	 => round((($result['price'] - $result['special'])/$result['price'])*100, 0),
			]]></add>
        </operation>
        <operation>
            <search><![CDATA[
			'href'        => $this->url->link('product/product', 'product_id=' . $result['product_id'])
			]]></search>
            <add position="replace"><![CDATA[
			'href'        => $this->url->link('product/product', 'product_id=' . $result['product_id']),
			'quick'        => $this->url->link('product/quick_view','&product_id=' . $result['product_id'])
			]]></add>
        </operation>
    </file>
    <file path="catalog/controller/product/search.php">
        <operation>
            <search><![CDATA[
			if ($this->customer->isLogged() || !$this->config->get('config_customer_price')) {
			]]></search>
            <add position="replace"><![CDATA[
			$images = $this->model_catalog_product->getProductImages($result['product_id']);
			if(isset($images[0]['image']) && !empty($images)){
				$images = $images[0]['image']; 
			}else{
				$images = $image;
			}
			if ($this->customer->isLogged() || !$this->config->get('config_customer_price')) {
			]]></add>
        </operation>
        <operation>
            <search><![CDATA[
			'thumb'       => $image,
			]]></search>
            <add position="replace"><![CDATA[
			'thumb'       => $image,
			'thumb_swap'  => $this->model_tool_image->resize($images , $this->config->get('theme_' . $this->config->get('config_theme') . '_image_product_width'), $this->config->get('theme_' . $this->config->get('config_theme') . '_image_product_height')),
			]]></add>
        </operation>
        <operation>
            <search><![CDATA[
			'tax'         => $tax,
			]]></search>
            <add position="replace"><![CDATA[
			'tax'         => $tax,
			'percentsaving' 	 => round((($result['price'] - $result['special'])/$result['price'])*100, 0),
			]]></add>
        </operation>
        <operation>
            <search><![CDATA[
			'href'        => $this->url->link('product/product', 'product_id=' . $result['product_id'] . $url)
			]]></search>
            <add position="replace"><![CDATA[
			'quick'        => $this->url->link('product/quick_view','&product_id=' . $result['product_id']),
			'href'        => $this->url->link('product/product', 'product_id=' . $result['product_id'] . $url)
			]]></add>
        </operation>
    </file>
    <file path="catalog/controller/product/special.php">
        <operation>
            <search><![CDATA[
			if ($this->customer->isLogged() || !$this->config->get('config_customer_price')) {
			]]></search>
            <add position="replace"><![CDATA[
			$images = $this->model_catalog_product->getProductImages($result['product_id']);
			if(isset($images[0]['image']) && !empty($images)){
				$images = $images[0]['image']; 
			}else{
				$images = $image;
			}
			if ($this->customer->isLogged() || !$this->config->get('config_customer_price')) {
			]]></add>
        </operation>
        <operation>
            <search><![CDATA[
			'thumb'       => $image,
			]]></search>
            <add position="replace"><![CDATA[
			'thumb'       => $image,
			'thumb_swap'  => $this->model_tool_image->resize($images , $this->config->get('theme_' . $this->config->get('config_theme') . '_image_product_width'), $this->config->get('theme_' . $this->config->get('config_theme') . '_image_product_height')),
			]]></add>
        </operation>
        <operation>
            <search><![CDATA[
			'tax'         => $tax,
			]]></search>
            <add position="replace"><![CDATA[
			'tax'         => $tax,
			'percentsaving' 	 => round((($result['price'] - $result['special'])/$result['price'])*100, 0),
			]]></add>
        </operation>
        <operation>
            <search><![CDATA[
			'href'        => $this->url->link('product/product', 'product_id=' . $result['product_id'] . $url)
			]]></search>
            <add position="replace"><![CDATA[
			'quick'        => $this->url->link('product/quick_view','&product_id=' . $result['product_id']),
			'href'        => $this->url->link('product/product', 'product_id=' . $result['product_id'] . $url)
			]]></add>
        </operation>
    </file>
    <file path="catalog/language/en-gb/en-gb.php">
        <operation>
            <search><![CDATA[
			$_['button_compare']        = 'Compare this Product';
			]]></search>
            <add position="replace"><![CDATA[
			$_['button_compare']        = 'Compare this Product';
            $_['button_quickview']       = 'Quick view';
			]]></add>
        </operation>
    </file>
    <file path="catalog/language/en-gb/checkout/cart.php">
        <operation>
            <search><![CDATA[
			$_['text_items']     = '%s item(s) - %s';
			$_['heading_title'] = 'My cart';
			]]></search>
            <add position="replace"><![CDATA[
			$_['text_items']     = '<span>%s</span> %s';
			$_['heading_title'] = 'My cart';
			]]></add>
        </operation>
    </file>
    <file path="catalog/language/en-gb/common/cart.php">
        <operation>
            <search><![CDATA[
			$_['text_items']     = '%s item(s) - %s';
			$_['heading_title'] = 'My cart';
			]]></search>
            <add position="replace"><![CDATA[
			$_['text_items']     = '<span>%s</span> %s';
			$_['heading_title'] = 'My cart';
			]]></add>
        </operation>
    </file>
    <file path="catalog/language/en-gb/common/footer.php">
        <operation>
            <search><![CDATA[
			$_['text_affiliate']    = 'Affiliate';
			]]></search>
            <add position="replace"><![CDATA[
			$_['text_affiliate']    = 'Affiliates';
			]]></add>
        </operation>
        <operation>
            <search><![CDATA[
			$_['text_powered']      = 'Powered By <a href="http://www.opencart.com">OpenCart</a><br /> %s &copy; %s';
			]]></search>
            <add position="replace"><![CDATA[
			$_['text_powered']      = 'Powered By <a href="#">OpenCart</a> %s &copy; %s';
			]]></add>
        </operation>
    </file>
    <file path="catalog/language/en-gb/common/header.php">
        <operation>
            <search><![CDATA[
			$_['text_all']           = 'Show All';
			]]></search>
            <add position="replace"><![CDATA[
			$_['text_all']           = 'Show All';
			$_['txt_affiliate']      = 'Affiliate';
			$_['txt_voucher']        = 'Gift Certificates';
			$_['txt_manufacturer']   = 'Brands';
			$_['txt_return']         = 'Returns';
			$_['txt_sitemap']        = 'Sitemap';
			$_['txt_contact']        = 'contact Us';
			$_['text_blog']          = 'Blogs';
			]]></add>
        </operation>
    </file>
    <file path="catalog/language/en-gb/common/menu.php">
        <operation>
            <search><![CDATA[
			$_['text_all'] = 'Show All';
			]]></search>
            <add position="replace"><![CDATA[
			$_['text_all'] = 'Show All';
      $_['text_home'] = 'Home';
      $_['txt_affiliate']      = 'Affiliate';
      $_['txt_voucher']        = 'Gift Certificates';
      $_['txt_manufacturer']   = 'Brands';
      $_['txt_return']         = 'Returns';
      $_['txt_sitemap']        = 'Sitemap';
      $_['txt_contact']        = 'contact us';
			$_['text_blog'] = 'Blogs';
			$_['txt_aboutus'] = 'about us';
			
			]]></add>
        </operation>
    </file>
    <file path="catalog/language/en-gb/extension/module/category_tab.php">
        <operation>
            <search><![CDATA[
			$_['categorytab_heading_title'] = 'our Categories';
			]]></search>
            <add position="replace"><![CDATA[
			$_['categorytab_heading_title'] = 'Top Categories';
			]]></add>
        </operation>
    </file>
    <file path="catalog/language/en-gb/extension/module/featured.php">
        <operation>
            <search><![CDATA[
			$_['heading_title'] = 'Featured';
			]]></search>
            <add position="replace"><![CDATA[
			$_['heading_title'] = 'Featured products';
			$_['sub_title'] = 'Lorem ipsum dolor sit amet, consectetur adipisicing elit, sed do eiusemod tempor incididunt
			ut labore et dolore magna aliqua.';
			]]></add>
        </operation>
    </file>
    <file path="catalog/language/en-gb/extension/module/search.php">
        <operation>
            <search><![CDATA[
			$_['text_search'] = 'Search';
			]]></search>
            <add position="replace"><![CDATA[
			$_['text_search'] = 'search keywords....';
			]]></add>
        </operation>
    </file>
    <file path="catalog/language/en-gb/extension/module/bestseller.php">
        <operation>
            <search><![CDATA[
			$_['heading_title'] = 'Bestsellers';
			]]></search>
            <add position="replace"><![CDATA[
			$_['heading_title'] = 'Best selling';
           $_['sub_title'] = 'Lorem ipsum dolor sit amet, consectetur adipisicing elit, sed do eiusemod tempor incididunt
ut labore et dolore magna aliqua.';
			]]></add>
        </operation>
    </file>
    <file path="catalog/language/en-gb/extension/module/blogger.php">
        <operation>
            <search><![CDATA[
			$_['heading_title'] = 'latest news';
      $_['sub_title'] = 'latest blogs';
			]]></search>
            <add position="replace"><![CDATA[
			$_['heading_title'] = 'latest blog';
			]]></add>
        </operation>
    </file>
    <file path="catalog/language/en-gb/extension/module/category_tab.php">
        <operation>
            <search><![CDATA[
			$_['category_heading_title'] = 'Category products';
			]]></search>
            <add position="replace"><![CDATA[
			 $_['category_heading_title'] = 'Top categories';
             $_['sub_title'] = 'Lorem ipsum dolor sit amet, consectetur adipisicing elit, sed do eiusemod tempor incididunt
ut labore et dolore magna aliqua.';
			]]></add>
        </operation>
    </file>
    <file path="catalog/language/en-gb/extension/module/latest.php">
        <operation>
            <search><![CDATA[
			$_['heading_title'] = 'Latest';
			]]></search>
            <add position="replace"><![CDATA[
			$_['heading_title'] = 'latest products';
            $_['sub_title'] = 'Lorem ipsum dolor sit amet, consectetur adipisicing elit, sed do eiusemod tempor incididunt
ut labore et dolore magna aliqua.';
			]]></add>
        </operation>
    </file>
    <file path="catalog/language/en-gb/extension/module/special.php">
        <operation>
            <search><![CDATA[
			$_['heading_title'] = 'Specials';
			]]></search>
            <add position="replace"><![CDATA[
			$_['heading_title'] = 'Special Product';
            $_['sub_title'] = 'Lorem ipsum dolor sit amet, consectetur adipisicing elit, sed do eiusemod tempor incididunt
ut labore et dolore magna aliqua.';
			]]></add>
        </operation>
    </file>
    <file path="catalog/language/en-gb/extension/module/newsletter.php">
        <operation>
         <search><![CDATA[
      $_['heading_title'] = 'Newsletter';
      $_['heading_desc'] = 'Ipsum is simply dummy text of  printingand  industry. has been the  industrys standard';
      $_['email_button']       = 'send';
      ]]></search>
            <add position="replace"><![CDATA[
      $_['heading_title'] = 'Connected with our updates and subscribe newsletter !';
      $_['heading_desc'] = 'You may unsubscribe at any moment.';
      $_['email_button'] = 'Subscribe';
      ]]></add>
        </operation>
    </file>
    <!-- Theme background image change from admin panel -->
    <file path="admin/view/template/setting/setting.twig">
        <operation error="skip">
            <search><![CDATA[
               <div class="col-sm-10"><a href="" id="thumb-logo" data-toggle="image" class="img-thumbnail"><img src="{{ logo }}" alt="" title="" data-placeholder="{{ placeholder }}" /></a>
              ]]></search>
            <add position="after" offset="3"><![CDATA[
              <div class="form-group">
                <label class="col-sm-2 control-label" for="input-icon">{{ entry_background_image }}</label>
                <div class="col-sm-10"><a href="" id="thumb-background-image" data-toggle="image" class="img-thumbnail"><img src="{{ background_image }}" alt="" title="" data-placeholder="{{ placeholder }}" /></a>
                  <input type="hidden" name="config_background_image" value="{{ config_background_image }}" id="input-background-image" /><strong>{{ text_background_positon }}</strong>
                  <select  name="config_background_image_position">
                    <option value="">------</option>
                    {% for key,value in entry_background_positon %}
                        <option value="{{ key }}" {{ config_background_image_position == key  ? 'selected' : '' }}>{{ value }}</option>
                    {% endfor %}
                </select>
                <span class="text-success"></span>
                </div>
            </div> 
            ]]></add>
        </operation>
    </file>
    <file path="admin/controller/setting/setting.php">
        <operation error="skip">
            <search><![CDATA[$this->load->language('setting/setting');]]></search>
            <add position="after"><![CDATA[$data['entry_background_image'] = $this->language->get('entry_background_image');
            $data['text_background_positon'] = $this->language->get('text_background_positon');
            $data['entry_background_positon'] = $this->language->get('entry_background_positon');
            $data['text_like_extension'] = $this->language->get('text_like_extension');]]></add>
        </operation>
        <operation error="skip">
            <search><![CDATA[
          if (isset($this->request->post['config_icon'])) {
          ]]></search>
            <add position="before"><![CDATA[if (isset($this->request->post['config_background_image_position'])) {
            $data['config_background_image_position'] = $this->request->post['config_background_image_position'];
        } else {
            $data['config_background_image_position'] = $this->config->get('config_background_image_position');
        }

        if (isset($this->request->post['config_background_image'])) {
            $data['config_background_image'] = $this->request->post['config_background_image'];
        } else {
            $data['config_background_image'] = $this->config->get('config_background_image');
        }

        if (isset($this->request->post['background_image']) && is_file(DIR_IMAGE . $this->request->post['background_image'])) {
            $data['background_image'] = $this->model_tool_image->resize($this->request->post['config_logo'], 100, 100);
        } elseif ($this->config->get('config_background_image') && is_file(DIR_IMAGE . $this->config->get('config_background_image'))) {
            $data['background_image'] = $this->model_tool_image->resize($this->config->get('config_background_image'), 100, 100);
        } else {
            $data['background_image'] = $this->model_tool_image->resize('no_image.png', 100, 100);
        }]]></add>
        </operation>
    </file>
    <file path="admin/language/*/setting/setting.php">
        <operation error="skip">
            <search><![CDATA[<?php]]></search>
            <add position="after"><![CDATA[$_['entry_background_image']= 'Theme Background Image';
            $_['text_background_positon']           = 'Background Property:';
            $_['entry_background_positon']          = array(
            'fixed' => 'fixed',

            'cover' => 'cover', );
      ]]></add>
        </operation>
    </file>
    <file path="catalog/controller/common/header.php">
        <operation error="skip">
            <search><![CDATA[$this->load->language('common/header');]]></search>
            <add position="before"><![CDATA[if (is_file(DIR_IMAGE . $this->config->get('config_background_image'))) {
            $data['background_image'] = $server . 'image/' . $this->config->get('config_background_image');
            } else {
                $data['background_image'] = '';
            }
            if ($this->config->get('config_background_image_position')) {
                $data['config_background_image_position'] = $this->config->get('config_background_image_position');
            } else {
                $data['config_background_image_position'] = '';
            }
            ]]></add>
        </operation>
    </file>
    <file path="catalog/view/theme/*/template/common/header.twig">
        <operation error="skip">
            <search><![CDATA[</head>]]></search>
            <add position="before"><![CDATA[<style type="text/css">
              body{
                background:url('{{ background_image }}') no-repeat center!important;
               {% if config_background_image_position == 'fixed' %}
                background-attachment: {{ config_background_image_position }} !important;
                background-size: cover !important;
                {% endif %}
                {% if config_background_image_position == 'cover'  %}
                -webkit-background-size: {{ config_background_image_position }} !important; 
                -moz-background-size: {{ config_background_image_position }} !important;
                -o-background-size: {{ config_background_image_position }} !important;
                background-size: {{ config_background_image_position }} !important;
                {% endif %}
              }
            </style>
            ]]></add>
        </operation>
    </file>
</modification>