<?xml version="1.0" encoding="UTF-8"?>
<modification>
    <name>productslidergrid-option</name>
    <code>productslidergrid-option</code>
    <version>3.x</version>
    <author>Thementic</author>
 
    <!--slider/grid -->
	   <file path="catalog/view/theme/*/template/common/header.twig">
	        <operation error="skip">
			<search><![CDATA[</head>]]></search>
			 <add position="before"><![CDATA[
			 <link rel="stylesheet" type="text/css" href="catalog/view/javascript/jquery/slick/slick.css" />
			<link rel="stylesheet" type="text/css" href="catalog/view/javascript/jquery/slick/slick-theme.css" />
			 <script  type="text/javascript" src="catalog/view/javascript/jquery/slick/slick.js"></script>]]></add> 
			</operation>
    </file>
	
	 <file path="catalog/view/theme/*/template/common/header.twig">
	  <operation>
	  	<search><![CDATA[</head>]]></search>
		
		 <add position="before"><![CDATA[
		 <script  type="text/javascript">
		 function leftslider(){    
  // slick carousel
			 if ($(window).width() >=980)  {
			 $('#column-left .product-carousel,#column-right .product-carousel').not('.slick-initialized').slick({
				dots: false,
				arrows: true,
				infinite: false,
				slidesPerRow: 1,
				rows: 3,
			  
			});
			 }
			 
			if ($(window).width() < 980)  {
			  var lrcolumn = jQuery("#column-left .product-carousel,#column-right .product-carousel");
				lrcolumn.owlCarousel({
									 slideBy: 2,
				});
			
			 }
			}
			
			jQuery(window).load(function() {
					leftslider()
				});
				jQuery(window).resize(function() {
					leftslider()
				}); </script>]]></add>
	
	</operation>
    </file>
	
    <file path="admin/controller/extension/module/{featured,special,latest,bestseller,category_tab}*.php">
        <operation>
            <search><![CDATA[ if (isset($this->request->post['status'])) {]]></search>
            <add position="before"><![CDATA[
	     if (isset($this->request->post['grid'])) {
			$data['grid'] = $this->request->post['grid'];
		} elseif (!empty($module_info)) {
			$data['grid'] = $module_info['grid'];
		} else {
			$data['grid'] = '';
		}	
		]]></add>
        </operation>
    </file>
    <file path="admin/language/*/extension/module/{featured,special,latest,bestseller,category_tab}*.php">
        <operation>
            <search><![CDATA[ $_['entry_height']     = 'Height'; ]]></search>
            <add position="after"><![CDATA[
	$_['entry_status']     = 'Status';
    $_['entry_grid']     = 'Slider/Grid';
	$_['text_grid']                     = 'Grid';
    $_['text_slider']                   = 'Slider';
	$_['text_noteinfo']                = 'Note:Slider is working if "Number of product" is set more than 4.';
	]]></add>
        </operation>
    </file>
    <file path="admin/language/*/en-gb.php">
        <operation>
            <search><![CDATA[ $_['text_disabled']                 = 'Disabled'; ]]></search>
            <add position="after"><![CDATA[
		$_['text_grid']                     = 'Grid';
        $_['text_slider']                   = 'Slider';
       ]]></add>
        </operation>
    </file>
    <file path="admin/view/template/extension/module/{featured,special,latest,bestseller,category_tab}*.twig">
        <operation>
            <search><![CDATA[</form>]]></search>
            <add position="before"><![CDATA[  
		   <div class="form-group">
           <label class="col-sm-2 control-label" for="input-grid">{{ entry_grid }}</label>
            <div class="col-sm-10">
               <select name="grid" id="input-grid" class="form-control">
              {% if grid %}
                  <option value="1" selected="selected">{{ text_grid }}</option>
                  <option value="0">{{ text_slider }}</option>
              {% else %}
                  <option value="1">{{ text_grid }}</option>
                  <option value="0" selected="selected">{{ text_slider }}</option>
              {% endif %}
               </select>
            </div>
			<label class="col-sm-2 control-label" for="input-status"></label>
            <span class="col-sm-10" style="padding-top:10px;font-style: italic;color: #959595;">{{text_noteinfo}}</span>

          </div>]]></add>
        </operation>
    </file>
    <file path="catalog/controller/extension/module/{featured,special,latest,bestseller}*.php">
        <operation>
            <search><![CDATA[$data['products'] = array();]]></search>
            <add position="after"><![CDATA[ $data['grid'] = $setting['grid']; 
		  ]]></add>
        </operation>
    </file>
	
	 <file path="catalog/controller/extension/module/category_tab.php">
        <operation>
            <search><![CDATA[$data['setting'] = $setting;]]></search>
            <add position="after"><![CDATA[ $data['grid'] = $setting['grid']; 
      ]]></add>
        </operation>
    </file>
	
	 <file path="catalog/view/theme/*/template/extension/module/{featured,special,latest,bestseller}*.twig"> 
	 <operation>
            <search><![CDATA[{% if productCount >= sliderFor %}]]></search>
            <add position="replace"><![CDATA[{% if productCount >= sliderFor and grid != 1 %}]]></add>
        </operation> 
	 </file>
	
    <file path="catalog/view/theme/*/template/extension/module/featured.twig">
        <operation>
            <search><![CDATA[ {% set productCount = products|length %} ]]></search>
            <add position="after"><![CDATA[ {% if grid == 1 %}
		 {% set set1 = products|batch(1, 'No item')%}
		 {% else %}
		 {% set set1 = products|batch(2, 'No item')%}
		 {% endif %}
		  ]]></add>
        </operation>
        
        <operation>
            <search><![CDATA[{% for row in products|batch(2, 'No item') %}]]></search>
            <add position="replace"><![CDATA[{% for row in set1 %}]]></add>
        </operation>
    </file>
	
	<file path="catalog/view/theme/*/template/extension/module/category_tab.twig"> 
   <operation>
            <search><![CDATA[<div class="owl-carousel owl-demo-tabcate">]]></search>
            <add position="replace"><![CDATA[<div class="{% if grid == 0 %}owl-carousel owl-demo-tabcate{% else %}categorytab-grid{% endif %}">]]></add>
  </operation> 
  <operation>
            <search><![CDATA[<div class="product-block-wrapper">]]></search>
            <add position="replace"><![CDATA[<div class="{% if grid == 0 %} categorytab-slider {% else %}categorytab-grid col-lg-3 col-md-4 col-sm-4 col-xs-6 {% endif %} ">]]></add>
  </operation> 
   </file>
  
</modification>